{"cameraMode":{"drawMode":0,"name":"Shaded","section":"Shading Mode"},"sceneLighting":true,"audioPlay":false,"sceneViewState":{"showFog":true,"showMaterialUpdate":false,"showSkybox":true,"showFlares":true,"showImageEffects":true,"showParticleSystems":true},"in2DMode":false,"pivot":{"x":-2.1280524730682375,"y":-2.255048990249634,"z":-7.081758499145508},"rotation":{"x":0.051450036466121677,"y":-0.5126980543136597,"z":0.03079933486878872,"w":0.8564772605895996},"size":15.961566925048829,"orthographic":true}